{
  "_id": "66c37f1360d4114a2d42abcf",
  "version": 4,
  "name": "AppLinguagemNaoVerbal",
  "description": "",
  "screenSize": {
    "w": 414,
    "h": 736
  },
  "type": "smartphone",
  "screens": {
    "s10000_33962": {
      "x": 1637,
      "y": 1068,
      "h": 736,
      "w": 414,
      "name": "Menu",
      "type": "Screen",
      "style": {
        "background": "#ffffff",
        "backgroundImage": {
          "name": "ok.png",
          "url": "image0.png",
          "w": 800,
          "h": 1422
        }
      },
      "min": {
        "w": 414,
        "h": 736
      },
      "has": {
        "image": true
      },
      "props": {
        "start": false
      },
      "children": [
        "w10002_76521",
        "w10003_83411",
        "w10004_30005",
        "w10008_75013",
        "w10009_72208",
        "w10010_97664",
        "w10011_45686",
        "w10012_10049",
        "w10013_33393",
        "w10014_50237",
        "w10015_54625",
        "w10016_13442",
        "w10049_525"
      ],
      "id": "s10000_33962",
      "modified": 1724088273307
    },
    "s10001_65035": {
      "x": 2082,
      "y": 1068,
      "h": 736,
      "w": 414,
      "name": "Categoria",
      "type": "Screen",
      "style": {
        "background": "#ffffff",
        "backgroundImage": {
          "name": "ok.png",
          "url": "image1.png",
          "w": 800,
          "h": 1422
        },
        "backgroundImageRepeat": false
      },
      "min": {
        "w": 414,
        "h": 736
      },
      "has": {
        "image": true
      },
      "props": {
        "start": false
      },
      "children": [
        "w10017_17935",
        "w10018_51586",
        "w10019_93167",
        "w10020_62859",
        "w10021_82831",
        "w10022_85056",
        "w10023_45498",
        "w10024_54395",
        "w10050_86626"
      ],
      "id": "s10001_65035",
      "modified": 1724088286200
    },
    "s10033_25623": {
      "x": 2538,
      "y": 1068,
      "h": 736,
      "w": 414,
      "name": "Exec",
      "type": "Screen",
      "style": {
        "background": "#ffffff",
        "backgroundImage": {
          "name": "ok.png",
          "url": "image2.png",
          "w": 800,
          "h": 1422
        }
      },
      "min": {
        "w": 414,
        "h": 736
      },
      "has": {
        "image": true
      },
      "props": {
        "start": false
      },
      "children": [
        "w10034_8272",
        "w10035_84575",
        "w10051_99612"
      ],
      "id": "s10033_25623",
      "modified": 1724088989016
    },
    "s10044_14059": {
      "x": 1195,
      "y": 1068,
      "h": 736,
      "w": 414,
      "name": "Inicio",
      "type": "Screen",
      "style": {
        "background": "#ffffff"
      },
      "min": {
        "w": 414,
        "h": 736
      },
      "has": {
        "image": true
      },
      "props": {
        "start": true
      },
      "children": [
        "w10047_56958",
        "w10046_14646",
        "w10045_37331"
      ],
      "id": "s10044_14059",
      "modified": 1724174771084
    }
  },
  "widgets": {
    "w10002_76521": {
      "id": "w10002_76521",
      "type": "Image",
      "name": "Image",
      "x": 1717,
      "y": 1241,
      "w": 110,
      "h": 110,
      "z": 1,
      "props": {
        "resize": {
          "right": false,
          "up": false,
          "left": false,
          "down": false,
          "fixedHorizontal": true,
          "fixedVertical": true
        }
      },
      "has": {
        "onclick": true,
        "backgroundImage": true,
        "borderRadius": true
      },
      "actions": {},
      "style": {
        "backgroundImage": {
          "name": "M1.png",
          "url": "image3.png",
          "w": 105,
          "h": 105
        },
        "borderTopWidth": 0,
        "borderBottomWidth": 0,
        "borderRightWidth": 0,
        "borderLeftWidth": 0,
        "borderTopRightRadius": 0,
        "borderTopLeftRadius": 0,
        "borderBottomRightRadius": 0,
        "borderBottomLeftRadius": 0,
        "borderTopColor": "#000000",
        "borderBottomColor": "#000000",
        "borderRightColor": "#000000",
        "borderLeftColor": "#000000",
        "borderTopStyle": "solid",
        "borderBottomStyle": "solid",
        "borderRightStyle": "solid",
        "borderLeftStyle": "solid",
        "filter": {
          "blur": 0,
          "opacity": 100,
          "grayscale": 0,
          "hueRotate": 0,
          "brightness": 100,
          "contrast": 100,
          "saturate": 100
        }
      },
      "created": 1724088307406,
      "modified": 1724174324440
    },
    "w10003_83411": {
      "id": "w10003_83411",
      "type": "Image",
      "name": "Image 1",
      "x": 1717,
      "y": 1406,
      "w": 110,
      "h": 110,
      "z": 2,
      "props": {
        "resize": {
          "right": false,
          "up": false,
          "left": false,
          "down": false,
          "fixedHorizontal": true,
          "fixedVertical": true
        }
      },
      "has": {
        "onclick": true,
        "backgroundImage": true,
        "borderRadius": true
      },
      "actions": {},
      "style": {
        "backgroundImage": {
          "name": "M3.png",
          "url": "image4.png",
          "w": 105,
          "h": 105
        },
        "borderTopWidth": 0,
        "borderBottomWidth": 0,
        "borderRightWidth": 0,
        "borderLeftWidth": 0,
        "borderTopRightRadius": 0,
        "borderTopLeftRadius": 0,
        "borderBottomRightRadius": 0,
        "borderBottomLeftRadius": 0,
        "borderTopColor": "#000000",
        "borderBottomColor": "#000000",
        "borderRightColor": "#000000",
        "borderLeftColor": "#000000",
        "borderTopStyle": "solid",
        "borderBottomStyle": "solid",
        "borderRightStyle": "solid",
        "borderLeftStyle": "solid"
      },
      "created": 1724088347964,
      "modified": 1724174284829,
      "copyOf": "w10002_76521"
    },
    "w10004_30005": {
      "id": "w10004_30005",
      "type": "Image",
      "name": "Image 2",
      "x": 1717,
      "y": 1571,
      "w": 110,
      "h": 110,
      "z": 3,
      "props": {
        "resize": {
          "right": false,
          "up": false,
          "left": false,
          "down": false,
          "fixedHorizontal": true,
          "fixedVertical": true
        }
      },
      "has": {
        "onclick": true,
        "backgroundImage": true,
        "borderRadius": true
      },
      "actions": {},
      "style": {
        "backgroundImage": {
          "name": "M5.png",
          "url": "image5.png",
          "w": 105,
          "h": 105
        },
        "borderTopWidth": 0,
        "borderBottomWidth": 0,
        "borderRightWidth": 0,
        "borderLeftWidth": 0,
        "borderTopRightRadius": 0,
        "borderTopLeftRadius": 0,
        "borderBottomRightRadius": 0,
        "borderBottomLeftRadius": 0,
        "borderTopColor": "#000000",
        "borderBottomColor": "#000000",
        "borderRightColor": "#000000",
        "borderLeftColor": "#000000",
        "borderTopStyle": "solid",
        "borderBottomStyle": "solid",
        "borderRightStyle": "solid",
        "borderLeftStyle": "solid"
      },
      "created": 1724088357706,
      "modified": 1724174294202,
      "copyOf": "w10002_76521"
    },
    "w10008_75013": {
      "id": "w10008_75013",
      "type": "Image",
      "name": "Image 3",
      "x": 1861,
      "y": 1241,
      "w": 110,
      "h": 110,
      "z": 4,
      "props": {
        "resize": {
          "right": false,
          "up": false,
          "left": false,
          "down": false,
          "fixedHorizontal": true,
          "fixedVertical": true
        }
      },
      "has": {
        "onclick": true,
        "backgroundImage": true,
        "borderRadius": true
      },
      "actions": {},
      "style": {
        "backgroundImage": {
          "name": "M2.png",
          "url": "image6.png",
          "w": 105,
          "h": 105
        },
        "borderTopWidth": 0,
        "borderBottomWidth": 0,
        "borderRightWidth": 0,
        "borderLeftWidth": 0,
        "borderTopRightRadius": 0,
        "borderTopLeftRadius": 0,
        "borderBottomRightRadius": 0,
        "borderBottomLeftRadius": 0,
        "borderTopColor": "#000000",
        "borderBottomColor": "#000000",
        "borderRightColor": "#000000",
        "borderLeftColor": "#000000",
        "borderTopStyle": "solid",
        "borderBottomStyle": "solid",
        "borderRightStyle": "solid",
        "borderLeftStyle": "solid"
      },
      "created": 1724088369796,
      "modified": 1724174277048,
      "copyOf": "w10002_76521"
    },
    "w10009_72208": {
      "id": "w10009_72208",
      "type": "Image",
      "name": "Image 4",
      "x": 1861,
      "y": 1406,
      "w": 110,
      "h": 110,
      "z": 5,
      "props": {
        "resize": {
          "right": false,
          "up": false,
          "left": false,
          "down": false,
          "fixedHorizontal": true,
          "fixedVertical": true
        }
      },
      "has": {
        "onclick": true,
        "backgroundImage": true,
        "borderRadius": true
      },
      "actions": {},
      "style": {
        "backgroundImage": {
          "name": "M4.png",
          "url": "image7.png",
          "w": 105,
          "h": 105
        },
        "borderTopWidth": 0,
        "borderBottomWidth": 0,
        "borderRightWidth": 0,
        "borderLeftWidth": 0,
        "borderTopRightRadius": 0,
        "borderTopLeftRadius": 0,
        "borderBottomRightRadius": 0,
        "borderBottomLeftRadius": 0,
        "borderTopColor": "#000000",
        "borderBottomColor": "#000000",
        "borderRightColor": "#000000",
        "borderLeftColor": "#000000",
        "borderTopStyle": "solid",
        "borderBottomStyle": "solid",
        "borderRightStyle": "solid",
        "borderLeftStyle": "solid"
      },
      "created": 1724088369796,
      "modified": 1724174289490,
      "copyOf": "w10003_83411"
    },
    "w10010_97664": {
      "id": "w10010_97664",
      "type": "Image",
      "name": "Image 5",
      "x": 1861,
      "y": 1571,
      "w": 110,
      "h": 110,
      "z": 6,
      "props": {
        "resize": {
          "right": false,
          "up": false,
          "left": false,
          "down": false,
          "fixedHorizontal": true,
          "fixedVertical": true
        }
      },
      "has": {
        "onclick": true,
        "backgroundImage": true,
        "borderRadius": true
      },
      "actions": {},
      "style": {
        "backgroundImage": {
          "name": "M6.png",
          "url": "image8.png",
          "w": 105,
          "h": 105
        },
        "borderTopWidth": 0,
        "borderBottomWidth": 0,
        "borderRightWidth": 0,
        "borderLeftWidth": 0,
        "borderTopRightRadius": 0,
        "borderTopLeftRadius": 0,
        "borderBottomRightRadius": 0,
        "borderBottomLeftRadius": 0,
        "borderTopColor": "#000000",
        "borderBottomColor": "#000000",
        "borderRightColor": "#000000",
        "borderLeftColor": "#000000",
        "borderTopStyle": "solid",
        "borderBottomStyle": "solid",
        "borderRightStyle": "solid",
        "borderLeftStyle": "solid"
      },
      "created": 1724088369796,
      "modified": 1724174297216,
      "copyOf": "w10004_30005"
    },
    "w10011_45686": {
      "type": "Label",
      "name": "Label",
      "x": 1717,
      "y": 1213,
      "w": 110,
      "h": 28,
      "z": 7,
      "props": {
        "label": "Alimentação"
      },
      "has": {
        "label": true,
        "padding": true,
        "advancedText": true
      },
      "style": {
        "fontSize": 20,
        "fontFamily": "Roboto, sans-serif",
        "textAlign": "center",
        "letterSpacing": 0,
        "lineHeight": 1,
        "color": "#000000",
        "textShadow": null
      },
      "id": "w10011_45686",
      "created": 1724088455901,
      "modified": 1724088554869
    },
    "w10012_10049": {
      "type": "Label",
      "name": "Label",
      "x": 1861,
      "y": 1213,
      "w": 110,
      "h": 28,
      "z": 8,
      "props": {
        "label": "Higiene"
      },
      "has": {
        "label": true,
        "padding": true,
        "advancedText": true
      },
      "style": {
        "fontSize": 20,
        "fontFamily": "Roboto, sans-serif",
        "textAlign": "center",
        "letterSpacing": 0,
        "lineHeight": 1,
        "color": "#000000",
        "textShadow": null
      },
      "id": "w10012_10049",
      "created": 1724088541173,
      "modified": 1724088552038,
      "copyOf": "w10011_45686"
    },
    "w10013_33393": {
      "type": "Label",
      "name": "Label 1",
      "x": 1717,
      "y": 1378,
      "w": 110,
      "h": 28,
      "z": 9,
      "props": {
        "label": "Tenho dor"
      },
      "has": {
        "label": true,
        "padding": true,
        "advancedText": true
      },
      "style": {
        "fontSize": 20,
        "fontFamily": "Roboto, sans-serif",
        "textAlign": "center",
        "letterSpacing": 0,
        "lineHeight": 1,
        "color": "#000000",
        "textShadow": null
      },
      "id": "w10013_33393",
      "created": 1724088559158,
      "modified": 1724088582061,
      "copyOf": "w10012_10049"
    },
    "w10014_50237": {
      "type": "Label",
      "name": "Label 2",
      "x": 1849,
      "y": 1378,
      "w": 135,
      "h": 28,
      "z": 10,
      "props": {
        "label": "Minha roupa"
      },
      "has": {
        "label": true,
        "padding": true,
        "advancedText": true
      },
      "style": {
        "fontSize": 20,
        "fontFamily": "Roboto, sans-serif",
        "textAlign": "center",
        "letterSpacing": 0,
        "lineHeight": 1,
        "color": "#000000",
        "textShadow": null
      },
      "id": "w10014_50237",
      "created": 1724088584618,
      "modified": 1724088619038,
      "copyOf": "w10012_10049"
    },
    "w10015_54625": {
      "type": "Label",
      "name": "Label 3",
      "x": 1708,
      "y": 1543,
      "w": 128,
      "h": 28,
      "z": 11,
      "props": {
        "label": "Lazer/Estudo"
      },
      "has": {
        "label": true,
        "padding": true,
        "advancedText": true
      },
      "style": {
        "fontSize": 20,
        "fontFamily": "Roboto, sans-serif",
        "textAlign": "center",
        "letterSpacing": 0,
        "lineHeight": 1,
        "color": "#000000",
        "textShadow": null
      },
      "id": "w10015_54625",
      "created": 1724088623835,
      "modified": 1724088650600,
      "copyOf": "w10012_10049"
    },
    "w10016_13442": {
      "type": "Label",
      "name": "Label 4",
      "x": 1849,
      "y": 1543,
      "w": 135,
      "h": 28,
      "z": 12,
      "props": {
        "label": "Sentimentos"
      },
      "has": {
        "label": true,
        "padding": true,
        "advancedText": true
      },
      "style": {
        "fontSize": 20,
        "fontFamily": "Roboto, sans-serif",
        "textAlign": "center",
        "letterSpacing": 0,
        "lineHeight": 1,
        "color": "#000000",
        "textShadow": null
      },
      "id": "w10016_13442",
      "created": 1724088652635,
      "modified": 1724088669277,
      "copyOf": "w10012_10049"
    },
    "w10017_17935": {
      "id": "w10017_17935",
      "type": "Image",
      "name": "Image",
      "x": 2162,
      "y": 1198,
      "w": 110,
      "h": 110,
      "z": 13,
      "props": {
        "resize": {
          "right": false,
          "up": false,
          "left": false,
          "down": false,
          "fixedHorizontal": true,
          "fixedVertical": true
        }
      },
      "has": {
        "onclick": true,
        "backgroundImage": true,
        "borderRadius": true
      },
      "actions": {},
      "style": {
        "backgroundImage": {
          "name": "A1.png",
          "url": "image9.png",
          "w": 105,
          "h": 105
        },
        "borderTopWidth": 0,
        "borderBottomWidth": 0,
        "borderRightWidth": 0,
        "borderLeftWidth": 0,
        "borderTopRightRadius": 0,
        "borderTopLeftRadius": 0,
        "borderBottomRightRadius": 0,
        "borderBottomLeftRadius": 0,
        "borderTopColor": "#000000",
        "borderBottomColor": "#000000",
        "borderRightColor": "#000000",
        "borderLeftColor": "#000000",
        "borderTopStyle": "solid",
        "borderBottomStyle": "solid",
        "borderRightStyle": "solid",
        "borderLeftStyle": "solid"
      },
      "created": 1724088693933,
      "modified": 1724174411597,
      "copyOf": "w10002_76521"
    },
    "w10018_51586": {
      "id": "w10018_51586",
      "type": "Image",
      "name": "Image 1",
      "x": 2287,
      "y": 1198,
      "w": 110,
      "h": 110,
      "z": 14,
      "props": {
        "resize": {
          "right": false,
          "up": false,
          "left": false,
          "down": false,
          "fixedHorizontal": true,
          "fixedVertical": true
        }
      },
      "has": {
        "onclick": true,
        "backgroundImage": true,
        "borderRadius": true
      },
      "actions": {},
      "style": {
        "backgroundImage": {
          "name": "A2.png",
          "url": "image10.png",
          "w": 105,
          "h": 105
        },
        "borderTopWidth": 0,
        "borderBottomWidth": 0,
        "borderRightWidth": 0,
        "borderLeftWidth": 0,
        "borderTopRightRadius": 0,
        "borderTopLeftRadius": 0,
        "borderBottomRightRadius": 0,
        "borderBottomLeftRadius": 0,
        "borderTopColor": "#000000",
        "borderBottomColor": "#000000",
        "borderRightColor": "#000000",
        "borderLeftColor": "#000000",
        "borderTopStyle": "solid",
        "borderBottomStyle": "solid",
        "borderRightStyle": "solid",
        "borderLeftStyle": "solid"
      },
      "created": 1724088696394,
      "modified": 1724174414424,
      "copyOf": "w10002_76521"
    },
    "w10019_93167": {
      "id": "w10019_93167",
      "type": "Image",
      "name": "Image 2",
      "x": 2162,
      "y": 1326,
      "w": 110,
      "h": 110,
      "z": 15,
      "props": {
        "resize": {
          "right": false,
          "up": false,
          "left": false,
          "down": false,
          "fixedHorizontal": true,
          "fixedVertical": true
        }
      },
      "has": {
        "onclick": true,
        "backgroundImage": true,
        "borderRadius": true
      },
      "actions": {},
      "style": {
        "backgroundImage": {
          "name": "A3.png",
          "url": "image11.png",
          "w": 105,
          "h": 105
        },
        "borderTopWidth": 0,
        "borderBottomWidth": 0,
        "borderRightWidth": 0,
        "borderLeftWidth": 0,
        "borderTopRightRadius": 0,
        "borderTopLeftRadius": 0,
        "borderBottomRightRadius": 0,
        "borderBottomLeftRadius": 0,
        "borderTopColor": "#000000",
        "borderBottomColor": "#000000",
        "borderRightColor": "#000000",
        "borderLeftColor": "#000000",
        "borderTopStyle": "solid",
        "borderBottomStyle": "solid",
        "borderRightStyle": "solid",
        "borderLeftStyle": "solid"
      },
      "created": 1724088708072,
      "modified": 1724174418308,
      "copyOf": "w10017_17935"
    },
    "w10020_62859": {
      "id": "w10020_62859",
      "type": "Image",
      "name": "Image 3",
      "x": 2287,
      "y": 1326,
      "w": 110,
      "h": 110,
      "z": 16,
      "props": {
        "resize": {
          "right": false,
          "up": false,
          "left": false,
          "down": false,
          "fixedHorizontal": true,
          "fixedVertical": true
        }
      },
      "has": {
        "onclick": true,
        "backgroundImage": true,
        "borderRadius": true
      },
      "actions": {},
      "style": {
        "backgroundImage": {
          "name": "A4.png",
          "url": "image12.png",
          "w": 105,
          "h": 105
        },
        "borderTopWidth": 0,
        "borderBottomWidth": 0,
        "borderRightWidth": 0,
        "borderLeftWidth": 0,
        "borderTopRightRadius": 0,
        "borderTopLeftRadius": 0,
        "borderBottomRightRadius": 0,
        "borderBottomLeftRadius": 0,
        "borderTopColor": "#000000",
        "borderBottomColor": "#000000",
        "borderRightColor": "#000000",
        "borderLeftColor": "#000000",
        "borderTopStyle": "solid",
        "borderBottomStyle": "solid",
        "borderRightStyle": "solid",
        "borderLeftStyle": "solid"
      },
      "created": 1724088708072,
      "modified": 1724174422052,
      "copyOf": "w10018_51586"
    },
    "w10021_82831": {
      "id": "w10021_82831",
      "type": "Image",
      "name": "Image 4",
      "x": 2162,
      "y": 1454,
      "w": 110,
      "h": 110,
      "z": 17,
      "props": {
        "resize": {
          "right": false,
          "up": false,
          "left": false,
          "down": false,
          "fixedHorizontal": true,
          "fixedVertical": true
        }
      },
      "has": {
        "onclick": true,
        "backgroundImage": true,
        "borderRadius": true
      },
      "actions": {},
      "style": {
        "backgroundImage": {
          "name": "A5.png",
          "url": "image13.png",
          "w": 105,
          "h": 105
        },
        "borderTopWidth": 0,
        "borderBottomWidth": 0,
        "borderRightWidth": 0,
        "borderLeftWidth": 0,
        "borderTopRightRadius": 0,
        "borderTopLeftRadius": 0,
        "borderBottomRightRadius": 0,
        "borderBottomLeftRadius": 0,
        "borderTopColor": "#000000",
        "borderBottomColor": "#000000",
        "borderRightColor": "#000000",
        "borderLeftColor": "#000000",
        "borderTopStyle": "solid",
        "borderBottomStyle": "solid",
        "borderRightStyle": "solid",
        "borderLeftStyle": "solid"
      },
      "created": 1724088719925,
      "modified": 1724174428442,
      "copyOf": "w10017_17935"
    },
    "w10022_85056": {
      "id": "w10022_85056",
      "type": "Image",
      "name": "Image 5",
      "x": 2287,
      "y": 1454,
      "w": 110,
      "h": 110,
      "z": 18,
      "props": {
        "resize": {
          "right": false,
          "up": false,
          "left": false,
          "down": false,
          "fixedHorizontal": true,
          "fixedVertical": true
        }
      },
      "has": {
        "onclick": true,
        "backgroundImage": true,
        "borderRadius": true
      },
      "actions": {},
      "style": {
        "backgroundImage": {
          "name": "A6.png",
          "url": "image14.png",
          "w": 105,
          "h": 105
        },
        "borderTopWidth": 0,
        "borderBottomWidth": 0,
        "borderRightWidth": 0,
        "borderLeftWidth": 0,
        "borderTopRightRadius": 0,
        "borderTopLeftRadius": 0,
        "borderBottomRightRadius": 0,
        "borderBottomLeftRadius": 0,
        "borderTopColor": "#000000",
        "borderBottomColor": "#000000",
        "borderRightColor": "#000000",
        "borderLeftColor": "#000000",
        "borderTopStyle": "solid",
        "borderBottomStyle": "solid",
        "borderRightStyle": "solid",
        "borderLeftStyle": "solid"
      },
      "created": 1724088719925,
      "modified": 1724174435096,
      "copyOf": "w10018_51586"
    },
    "w10023_45498": {
      "id": "w10023_45498",
      "type": "Image",
      "name": "Image 6",
      "x": 2162,
      "y": 1582,
      "w": 110,
      "h": 110,
      "z": 19,
      "props": {
        "resize": {
          "right": false,
          "up": false,
          "left": false,
          "down": false,
          "fixedHorizontal": true,
          "fixedVertical": true
        }
      },
      "has": {
        "onclick": true,
        "backgroundImage": true,
        "borderRadius": true
      },
      "actions": {},
      "style": {
        "backgroundImage": {
          "name": "A7.png",
          "url": "image15.png",
          "w": 105,
          "h": 105
        },
        "borderTopWidth": 0,
        "borderBottomWidth": 0,
        "borderRightWidth": 0,
        "borderLeftWidth": 0,
        "borderTopRightRadius": 0,
        "borderTopLeftRadius": 0,
        "borderBottomRightRadius": 0,
        "borderBottomLeftRadius": 0,
        "borderTopColor": "#000000",
        "borderBottomColor": "#000000",
        "borderRightColor": "#000000",
        "borderLeftColor": "#000000",
        "borderTopStyle": "solid",
        "borderBottomStyle": "solid",
        "borderRightStyle": "solid",
        "borderLeftStyle": "solid"
      },
      "created": 1724088721421,
      "modified": 1724174442665,
      "copyOf": "w10017_17935"
    },
    "w10024_54395": {
      "id": "w10024_54395",
      "type": "Image",
      "name": "Image 7",
      "x": 2300,
      "y": 1604,
      "w": 85,
      "h": 66,
      "z": 20,
      "props": {
        "resize": {
          "right": false,
          "up": false,
          "left": false,
          "down": false,
          "fixedHorizontal": true,
          "fixedVertical": true
        }
      },
      "has": {
        "onclick": true,
        "backgroundImage": true,
        "borderRadius": true
      },
      "actions": {},
      "style": {
        "backgroundImage": {
          "name": "MV.png",
          "url": "image16.png",
          "w": 85,
          "h": 66
        },
        "borderTopWidth": 0,
        "borderBottomWidth": 0,
        "borderRightWidth": 0,
        "borderLeftWidth": 0,
        "borderTopRightRadius": 0,
        "borderTopLeftRadius": 0,
        "borderBottomRightRadius": 0,
        "borderBottomLeftRadius": 0,
        "borderTopColor": "#000000",
        "borderBottomColor": "#000000",
        "borderRightColor": "#000000",
        "borderLeftColor": "#000000",
        "borderTopStyle": "solid",
        "borderBottomStyle": "solid",
        "borderRightStyle": "solid",
        "borderLeftStyle": "solid"
      },
      "created": 1724088721421,
      "modified": 1724174731730,
      "copyOf": "w10018_51586"
    },
    "w10034_8272": {
      "id": "w10034_8272",
      "type": "Image",
      "name": "Image",
      "x": 2660,
      "y": 1291,
      "w": 190,
      "h": 190,
      "z": 21,
      "props": {},
      "has": {
        "onclick": true,
        "backgroundImage": true,
        "borderRadius": true
      },
      "actions": {},
      "style": {
        "backgroundImage": {
          "name": "A1.png",
          "url": "image17.png",
          "w": 105,
          "h": 105
        },
        "borderTopWidth": 0,
        "borderBottomWidth": 0,
        "borderRightWidth": 0,
        "borderLeftWidth": 0,
        "borderTopRightRadius": 0,
        "borderTopLeftRadius": 0,
        "borderBottomRightRadius": 0,
        "borderBottomLeftRadius": 0,
        "borderTopColor": "#000000",
        "borderBottomColor": "#000000",
        "borderRightColor": "#000000",
        "borderLeftColor": "#000000",
        "borderTopStyle": "solid",
        "borderBottomStyle": "solid",
        "borderRightStyle": "solid",
        "borderLeftStyle": "solid"
      },
      "created": 1724089001697,
      "modified": 1724174744284
    },
    "w10035_84575": {
      "id": "w10035_84575",
      "type": "Image",
      "name": "Image 7",
      "x": 2756,
      "y": 1604,
      "w": 85,
      "h": 66,
      "z": 22,
      "props": {
        "resize": {
          "right": false,
          "up": false,
          "left": false,
          "down": false,
          "fixedHorizontal": true,
          "fixedVertical": true
        }
      },
      "has": {
        "onclick": true,
        "backgroundImage": true,
        "borderRadius": true
      },
      "actions": {},
      "style": {
        "backgroundImage": {
          "name": "MV.png",
          "url": "image18.png",
          "w": 85,
          "h": 66
        },
        "borderTopWidth": 0,
        "borderBottomWidth": 0,
        "borderRightWidth": 0,
        "borderLeftWidth": 0,
        "borderTopRightRadius": 0,
        "borderTopLeftRadius": 0,
        "borderBottomRightRadius": 0,
        "borderBottomLeftRadius": 0,
        "borderTopColor": "#000000",
        "borderBottomColor": "#000000",
        "borderRightColor": "#000000",
        "borderLeftColor": "#000000",
        "borderTopStyle": "solid",
        "borderBottomStyle": "solid",
        "borderRightStyle": "solid",
        "borderLeftStyle": "solid"
      },
      "created": 1724089027477,
      "modified": 1724174736409,
      "copyOf": "w10024_54395"
    },
    "w10045_37331": {
      "id": "w10045_37331",
      "type": "Button",
      "name": "Secondary Button",
      "x": 1281,
      "y": 1583,
      "w": 242,
      "h": 32,
      "z": 23,
      "props": {
        "label": "Ciente - Iniciar Protótipo"
      },
      "has": {
        "backgroundColor": true,
        "border": true,
        "onclick": true,
        "label": true,
        "padding": true
      },
      "style": {
        "fontSize": 14,
        "fontFamily": "Helvetica Neue,Helvetica,Arial,sans-serif",
        "textAlign": "center",
        "letterSpacing": 0,
        "lineHeight": 1.5,
        "verticalAlign": "middle",
        "background": "#FFFFFF",
        "color": "#000000",
        "borderTopWidth": 1,
        "borderBottomWidth": 1,
        "borderRightWidth": 1,
        "borderLeftWidth": 1,
        "borderTopRightRadius": 4,
        "borderTopLeftRadius": 4,
        "borderBottomRightRadius": 4,
        "borderBottomLeftRadius": 4,
        "paddingTop": 0,
        "paddingBottom": 0,
        "paddingLeft": 0,
        "paddingRight": 0,
        "borderTopColor": "#000000",
        "borderBottomColor": "#000000",
        "borderRightColor": "#000000",
        "borderLeftColor": "#000000",
        "borderTopStyle": "solid",
        "borderBottomStyle": "solid",
        "borderRightStyle": "solid",
        "borderLeftStyle": "solid"
      },
      "hover": {
        "background": "#000000",
        "color": "#FFFFFF",
        "borderTopColor": "#000000",
        "borderBottomColor": "#000000",
        "borderRightColor": "#000000",
        "borderLeftColor": "#000000"
      },
      "created": 1724174789925,
      "modified": 1724175204768
    },
    "w10046_14646": {
      "type": "Label",
      "name": "Label",
      "x": 1237,
      "y": 1223,
      "w": 331,
      "h": 342,
      "z": 24,
      "props": {
        "label": "Protótipo do App \"Linguagem Não Verbal\"\n\nRequisito para término da matéria \"Atividades Extensionistas 2\" do curso de ADS da Uninter.\n\n\n\nRafael Myszak\nRU&nbsp;4379944\n\n\nATENÇÃO: Todas as telas (Menu, Seleção do item, e execução) estão linkadas para o mesmo ítem. Devido a ser apenas um protótipo funcional para verificar o fluxo de execução. Assim, categorias como tenho dor, minha roupa, etc estão linkados para alimentação, bem como todos os ítens de alimentação estão linkados apenas para uma tela de execução.\n\nAinda, estão em vermelho observações com explicação do fluxo de execução de itens que não são possíveis de implementar no protótipo.\n"
      },
      "has": {
        "label": true,
        "padding": true,
        "advancedText": true
      },
      "style": {
        "fontSize": 12,
        "fontFamily": "Helvetica Neue,Helvetica,Arial,sans-serif",
        "textAlign": "left",
        "letterSpacing": 0,
        "lineHeight": 1,
        "color": "#000000",
        "textShadow": null,
        "fontWeight": "bold"
      },
      "id": "w10046_14646",
      "created": 1724174822397,
      "modified": 1724175201141
    },
    "w10047_56958": {
      "type": "Label",
      "name": "Label 1",
      "x": 1237,
      "y": 1135,
      "w": 330,
      "h": 46,
      "z": 25,
      "props": {
        "label": "Protótipo do App \"Linguagem Não Verbal\"\r\n"
      },
      "has": {
        "label": true,
        "padding": true,
        "advancedText": true
      },
      "style": {
        "fontSize": 20,
        "fontFamily": "Helvetica Neue,Helvetica,Arial,sans-serif",
        "textAlign": "center",
        "letterSpacing": 0,
        "lineHeight": 1,
        "color": "#000000",
        "textShadow": null,
        "fontWeight": "bold"
      },
      "id": "w10047_56958",
      "created": 1724175148205,
      "modified": 1724175197114
    },
    "w10049_525": {
      "type": "Label",
      "name": "Label 5",
      "x": 1687,
      "y": 1758,
      "w": 314,
      "h": 36,
      "z": 26,
      "props": {
        "label": "NOTA: Ao clicar em uma categoria será chamada a respectiva categoria. Neste protótipo temos todas levando até alimentação."
      },
      "has": {
        "label": true,
        "padding": true,
        "advancedText": true
      },
      "style": {
        "fontSize": 12,
        "fontFamily": "Helvetica Neue,Helvetica,Arial,sans-serif",
        "textAlign": "left",
        "letterSpacing": 0,
        "lineHeight": 1,
        "color": "#ff0000",
        "textShadow": null
      },
      "id": "w10049_525",
      "created": 1724175526699,
      "modified": 1724175619132
    },
    "w10050_86626": {
      "type": "Label",
      "name": "Label 5",
      "x": 2132,
      "y": 1758,
      "w": 314,
      "h": 36,
      "z": 27,
      "props": {
        "label": "NOTA: Ao clicar na ação escolhida será chamada a tela com a imagem em tamanho maior, e será executado o áudio com a narração da ação."
      },
      "has": {
        "label": true,
        "padding": true,
        "advancedText": true
      },
      "style": {
        "fontSize": 12,
        "fontFamily": "Helvetica Neue,Helvetica,Arial,sans-serif",
        "textAlign": "left",
        "letterSpacing": 0,
        "lineHeight": 1,
        "color": "#ff0000",
        "textShadow": null
      },
      "id": "w10050_86626",
      "created": 1724175644331,
      "modified": 1724175697655,
      "copyOf": "w10049_525"
    },
    "w10051_99612": {
      "type": "Label",
      "name": "Label 5",
      "x": 2588,
      "y": 1758,
      "w": 314,
      "h": 36,
      "z": 28,
      "props": {
        "label": "NOTA: O som executado estimula a criança com a verbalização daquilo que se está clicando."
      },
      "has": {
        "label": true,
        "padding": true,
        "advancedText": true
      },
      "style": {
        "fontSize": 12,
        "fontFamily": "Helvetica Neue,Helvetica,Arial,sans-serif",
        "textAlign": "left",
        "letterSpacing": 0,
        "lineHeight": 1,
        "color": "#ff0000",
        "textShadow": null
      },
      "id": "w10051_99612",
      "created": 1724175705314,
      "modified": 1724175734938,
      "copyOf": "w10049_525"
    }
  },
  "lines": {
    "l10025_39086": {
      "id": "l10025_39086",
      "from": "w10002_76521",
      "to": "s10001_65035",
      "points": [],
      "event": "click"
    },
    "l10026_36686": {
      "id": "l10026_36686",
      "from": "w10008_75013",
      "to": "s10001_65035",
      "points": [],
      "event": "click"
    },
    "l10028_20743": {
      "id": "l10028_20743",
      "from": "w10024_54395",
      "to": "s10000_33962",
      "points": [],
      "event": "click"
    },
    "l10029_17776": {
      "id": "l10029_17776",
      "from": "w10003_83411",
      "to": "s10001_65035",
      "points": [],
      "event": "click"
    },
    "l10030_68136": {
      "id": "l10030_68136",
      "from": "w10009_72208",
      "to": "s10001_65035",
      "points": [],
      "event": "click"
    },
    "l10031_77608": {
      "id": "l10031_77608",
      "from": "w10004_30005",
      "to": "s10001_65035",
      "points": [],
      "event": "click"
    },
    "l10032_73177": {
      "id": "l10032_73177",
      "from": "w10010_97664",
      "to": "s10001_65035",
      "points": [],
      "event": "click"
    },
    "l10036_54050": {
      "id": "l10036_54050",
      "from": "w10035_84575",
      "to": "s10001_65035",
      "points": [],
      "event": "click"
    },
    "l10037_36611": {
      "id": "l10037_36611",
      "from": "w10017_17935",
      "to": "s10033_25623",
      "points": [],
      "event": "click"
    },
    "l10038_47621": {
      "id": "l10038_47621",
      "from": "w10018_51586",
      "to": "s10033_25623",
      "points": [],
      "event": "click"
    },
    "l10039_1830": {
      "id": "l10039_1830",
      "from": "w10019_93167",
      "to": "s10033_25623",
      "points": [],
      "event": "click"
    },
    "l10040_11322": {
      "id": "l10040_11322",
      "from": "w10020_62859",
      "to": "s10033_25623",
      "points": [],
      "event": "click"
    },
    "l10041_27438": {
      "id": "l10041_27438",
      "from": "w10021_82831",
      "to": "s10033_25623",
      "points": [],
      "event": "click"
    },
    "l10042_8918": {
      "id": "l10042_8918",
      "from": "w10022_85056",
      "to": "s10033_25623",
      "points": [],
      "event": "click"
    },
    "l10043_32617": {
      "id": "l10043_32617",
      "from": "w10023_45498",
      "to": "s10033_25623",
      "points": [],
      "event": "click"
    },
    "l10048_13135": {
      "id": "l10048_13135",
      "from": "w10045_37331",
      "to": "s10000_33962",
      "points": [],
      "event": "click"
    }
  },
  "groups": {},
  "templates": {},
  "designtokens": {},
  "lastUUID": 10052,
  "lastUpdate": 1724175734940,
  "created": 1724088083477,
  "startScreen": "",
  "grid": {
    "w": 8,
    "h": 8,
    "style": "line",
    "color": "#cecece",
    "visible": false,
    "enabled": false
  },
  "domain": "Quant-UX.com",
  "screenCount": 4,
  "widgetCount": 28,
  "isDirty": true,
  "lastCategory": "WireFrame",
  "id": "66c37f1360d4114a2d42abcf",
  "sessionCount": 0,
  "lastBackup": 1724090912174,
  "sizeBackup": 192389
}